{
  "status": "completed",
  "cv_config": {
    "outer_splits": 5,
    "outer_repeats": 1,
    "inner_splits": 3,
    "random_state": 42,
    "lipid_top_k": 5,
    "clinical_top_k": 5,
    "correlation_threshold": 0.8,
    "clinical_missing_threshold": 0.2
  },
  "results": {
    "lipid_elastic_net": {
      "mean_auc": 0.539551424571805,
      "std_auc": 0.08709418768433347,
      "mean_train_auc": 0.6949173548556364,
      "n_outer_folds": 5,
      "fold_results": [
        {
          "fold_index": 1,
          "auc": 0.5984848484848485,
          "train_auc": 0.6692307692307693,
          "selected_feature_count": 4,
          "selected_features": [
            "LPC(16:0)",
            "PA(28:0)",
            "PC(32:1_22:4)",
            "Hex2Cer(d18:2_16:0)"
          ],
          "best_params": {
            "C": 0.1,
            "l1_ratio": 0.5
          },
          "y_true": [
            0,
            0,
            0,
            1,
            0,
            0,
            0,
            1,
            1,
            1,
            1,
            1,
            1,
            1,
            1,
            1,
            1,
            1,
            0,
            0,
            0,
            0,
            1,
            1,
            0,
            1,
            1,
            0,
            0,
            0,
            0,
            1,
            1,
            1,
            1,
            0,
            1,
            1,
            1,
            0,
            0,
            1,
            0,
            0,
            1,
            1,
            1,
            1,
            1,
            0,
            1,
            0,
            1,
            0,
            1,
            1,
            0
          ],
          "y_score": [
            0.3839689972335103,
            0.4356753255849511,
            0.4525223775414435,
            0.5112596946948187,
            0.4262370454214177,
            0.4673768804345135,
            0.3843589057341291,
            0.48885074694653413,
            0.46037024570548135,
            0.3703104624128709,
            0.3984204722751911,
            0.4248363504132127,
            0.44599789134986906,
            0.47609347078177033,
            0.4322478996462258,
            0.6196704292078066,
            0.4476802746591268,
            0.3788357418105625,
            0.3904378669283591,
            0.39594660555112304,
            0.5204380386291292,
            0.5514115059515714,
            0.4724099340726294,
            0.5272670818045381,
            0.44766586553466114,
            0.5509727903132325,
            0.5979888944744576,
            0.4938004767108537,
            0.6694568363293886,
            0.4025922166476482,
            0.37689972154434576,
            0.4454843454207587,
            0.36983779270096095,
            0.48291069950860555,
            0.4418379076261023,
            0.4003935914332178,
            0.40138342344382244,
            0.4013818791432774,
            0.42762360321421616,
            0.4451337053123043,
            0.4825999025904179,
            0.5892006812614408,
            0.5592534527165863,
            0.7789781709867162,
            0.656074369135946,
            0.8460959691929694,
            0.6812909875442332,
            0.6961033497234116,
            0.7196270137757811,
            0.6375235247770176,
            0.6445113392094742,
            0.4506764239396783,
            0.41032228428363005,
            0.41299843147328635,
            0.5815419445135007,
            0.47702743571856315,
            0.4276252331493925
          ]
        },
        {
          "fold_index": 2,
          "auc": 0.41765480895915685,
          "train_auc": 0.7201619433198381,
          "selected_feature_count": 5,
          "selected_features": [
            "FA(20:4)",
            "PS(42:9e)",
            "Cer(t16:0_19:1)",
            "SM(d16:3_20:4)",
            "SM(d16:0_20:1)"
          ],
          "best_params": {
            "C": 10.0,
            "l1_ratio": 0.5
          },
          "y_true": [
            0,
            1,
            0,
            1,
            0,
            0,
            0,
            1,
            1,
            0,
            1,
            1,
            0,
            0,
            1,
            0,
            0,
            0,
            0,
            1,
            0,
            0,
            0,
            1,
            1,
            0,
            1,
            1,
            1,
            1,
            1,
            1,
            1,
            1,
            0,
            1,
            1,
            1,
            0,
            1,
            1,
            1,
            0,
            1,
            1,
            1,
            1,
            1,
            1,
            1,
            1,
            1,
            0,
            0,
            0,
            0
          ],
          "y_score": [
            0.5647060337626395,
            0.03898613424775679,
            0.4663650742651698,
            0.411117421190133,
            0.2474016081100782,
            0.6509163531198295,
            0.45950238865406273,
            0.41822562230300253,
            0.6154021391064872,
            0.7308225815680149,
            0.39056777672199644,
            0.3469102212216566,
            0.4150377848722656,
            0.3790508186568499,
            0.6421599913598299,
            0.6697092975102282,
            0.6684425754851979,
            0.5760642912363536,
            0.4907639979352057,
            0.4591186941474746,
            0.5250461344512268,
            0.2533138164049074,
            0.5550161981190852,
            0.5322401990100396,
            0.7152883376513208,
            0.5817920515986169,
            0.0721890273187803,
            0.07627780838623666,
            0.34406966111283604,
            0.5128814096652184,
            0.5176467488204273,
            0.5793385926377712,
            0.4221215343027864,
            0.4685716824429475,
            0.3342467762122986,
            0.4264111101616372,
            0.2536705680309028,
            0.2642348814007286,
            0.7024665006096495,
            0.2975955654333883,
            0.2473813740952685,
            0.691298934391968,
            0.5635272006468088,
            0.617898614103432,
            0.6176109176934258,
            0.8437486790527132,
            0.7939555960406776,
            0.8174772612864466,
            0.7763395214476959,
            0.4852789618146629,
            0.6458309176247274,
            0.16105416260993932,
            0.3923738866757067,
            0.774576293648413,
            0.5604776290411702,
            0.6790157531460764
          ]
        },
        {
          "fold_index": 3,
          "auc": 0.4980237154150198,
          "train_auc": 0.6644534412955466,
          "selected_feature_count": 4,
          "selected_features": [
            "Hex1Cer(d18:0_20:4)",
            "PC(32:1_22:4)",
            "PC(33:1_20:4)",
            "Hex2Cer(m21:0_20:4)"
          ],
          "best_params": {
            "C": 0.1,
            "l1_ratio": 0.1
          },